﻿{"publisher":"มหาวิทยาลัยราชภัฏอุตรดิตถ์. บัณฑิตวิทยาลัย","date_created":"2551",
"id":"626",
"type":["วิทยานิพนธ์/Thesis"],"language":"tha",
"title":"การดำเนินงานการประกันคุณภาพการศึกษาของโรงเรียนที่ผ่านการประเมินคุณภาพ จากสำนักงานรับรองมาตรฐานและการประเมินคุณภาพการศึกษา กรณีตัวอย่าง 3 โรง สังกัดสำนักงานเขตพื้นที่การศึกษาอุตรดิตถ์ เขต 1",
        "subject":["การประกันคุณภาพภายในสถานศึกษา--วิจัย",การประกันคุณภาพการศึกษา",
"การประเมินคุณภาพการศึกษา"],
        "creator":["สุชีพ เสาเกิด"]}