<add>
<doc>
    <field name="publisher">มหาวิทยาลัยราชภัฏอุตรดิตถ์. บัณฑิตวิทยาลัย</field>
    <field name="date_created">2551</field>
    <field name="id">626</field>
    <field name="type">วิทยานิพนธ์/Thesis</field>
    <field name="language">tha</field>
    <field name="title">การดำเนินงานการประกันคุณภาพการศึกษาของโรงเรียนที่ผ่านการประเมินคุณภาพ จากสำนักงานรับรองมาตรฐานและการประเมินคุณภาพการศึกษา กรณีตัวอย่าง 3 โรง สังกัดสำนักงานเขตพื้นที่การศึกษาอุตรดิตถ์ เขต 1</field>
    <field name="subject">การประกันคุณภาพภายในสถานศึกษา--วิจัย</field>
    <field name="subject">การประกันคุณภาพการศึกษา</field>
    <field name="subject">การประเมินคุณภาพการศึกษา</field>
    <field name="creator">สุชีพ เสาเกิด</field>
    </doc>
	</add>